,symbol,Rank
0,NAPB,-0.6719927593318801
1,ADAM15,-0.6796806458610156
2,FRG1BP,-0.6982002959480068
3,ANKRD18DP,-0.7045063088827485
4,INTU,-0.7059872712407257
5,MIR17HG,-0.7105393618848418
6,ZFPM1,-0.7116734166608663
7,ZNF768,-0.7129815084404943
8,ZNF432,-0.7263022586788
9,EPS8L1,-0.7324174969380153
10,MSANTD2,-0.7426025503939475
11,RAB11FIP3,-0.7449321128918193
12,RASA4,-0.7476309167398897
13,ZNF546,-0.7481260698593061
14,XYLB,-0.750611734408852
15,TRIM52-AS1,-0.7525962592507248
16,SULT4A1,-0.7578412669852719
17,ZNF486,-0.762276792682626
18,MGRN1,-0.7698157445208952
19,KMT2E-AS1,-0.7742575762009785
20,SLC43A2,-0.7837630245125217
21,GKAP1,-0.7941536529076905
22,CRELD1,-0.7951034414683817
23,DNAJC27,-0.797421178169786
24,QTRT1,-0.803054955523355
25,FCF1P2,-0.8078846200327979
26,ZNF121,-0.8098840298961206
27,HEXD,-0.8169627014945243
28,PVT1,-0.8177613438043076
29,DYRK1B,-0.818362246352806
30,HOTAIRM1,-0.819305343658464
31,PPP1R3E,-0.824211025642163
32,ZNF611,-0.8308982982129424
33,TMEM265,-0.8323151129004457
34,CLTCL1,-0.8345650293886875
35,ZNF445,-0.8416658127862561
36,ZSWIM9,-0.8420856162779268
37,ZNF225,-0.8444251941749691
38,CENPT,-0.8444634641173491
39,ZNF582-DT,-0.8458923846790423
40,GYS1,-0.8472827736053098
41,SH3BP2,-0.8493955504931645
42,ZNF732,-0.8516519962044539
43,NR6A1,-0.855102214799476
44,VASH1-AS1,-0.8566796774600236
45,SENP3,-0.856967073920355
46,ARHGEF17,-0.859188093269412
47,CTRL,-0.8623060951162553
48,HIP1R,-0.8696539802213289
49,COG7,-0.8711238569753783
50,STARD8,-0.8730329403670175
51,ARSA,-0.8757903372923979
52,ACBD7,-0.8813158939399555
53,CABIN1,-0.881631288476483
54,ZBTB48,-0.8830153367559387
55,ZFTA,-0.8847131736217635
56,ZNF316,-0.895770538827579
57,TIMM23B,-0.8994116315597498
58,CHKB,-0.9025712330059477
59,LCAT,-0.9058858082968333
60,CASKIN1,-0.9107527808112523
61,ZNF264,-0.9157923402890201
62,ZKSCAN8,-0.9209606404196202
63,FAM133B,-0.9232959597538625
64,MIR9-3HG,-0.9285683334869078
65,MRC2,-0.9288498642171057
66,TRIB3,-0.9355320570432453
67,FBXO44,-0.9378906788230879
68,ADAM1A,-0.9389676769210907
69,SAMD1,-0.9393889958895778
70,DGKZ,-0.9394646729178999
71,SLC35E2A,-0.9402071479315117
72,HMGN5,-0.9406212782870903
73,CEP295,-0.9493701114074472
74,TRIM66,-0.9503107932453654
75,ZNF397,-0.9521498796202607
76,GPR162,-0.9532373745086197
77,PRX,-0.9563678856697687
78,ZNF114,-0.9567244030771995
79,CCDC144A,-0.9593097659244237
80,DSTNP2,-0.9596228253118307
81,ZNF320,-0.9703148897722264
82,ADCK5,-0.972267604448745
83,PGBD2,-0.9746891635309068
84,VARS2,-0.9762050118330375
85,ABCD4,-0.978347469039651
86,CREBRF,-0.9814781654655332
87,LINC01535,-0.9901822815784369
88,DUSP18,-0.9913192911078612
89,INPP5B,-0.994133007738973
90,LINC01087,-1.0019213551100679
91,TAF8,-1.0056088292411909
92,RNPC3,-1.0143118009350878
93,FASTK,-1.0149313511632128
94,MCOLN2,-1.022317357611826
95,RGS12,-1.0347514792672257
96,LINC02076,-1.0362310081013912
97,PRKXP1,-1.0405861485477133
98,LRRC14,-1.0419640323838717
99,DMPK,-1.0420045492994283
100,ZNF101,-1.0483530660913871
101,FBXW9,-1.0514018738008661
102,LPAR2,-1.0530981172358187
103,TECPR1,-1.0587229838084562
104,CSKMT,-1.0613459944890538
105,ZSWIM8,-1.0657097443109587
106,AGAP6,-1.0698927749488536
107,PTDSS2,-1.0705724724302148
108,SNHG20,-1.0760176842247853
109,HERC2P3,-1.079746679795317
110,TNRC18,-1.0803391928447867
111,ZNF780B,-1.0839677000285541
112,ZFP14,-1.084643722954738
113,UCN,-1.087643639888603
114,KRBA2,-1.0898025189057385
115,CLCN6,-1.0941069607486826
116,DBF4B,-1.095343106606648
117,HOXB-AS1,-1.0953474515488129
118,SPSB3,-1.0972085087864931
119,ZNF83,-1.0996481499280044
120,SYMPK,-1.1009791817347434
121,SLC27A3,-1.1063812247867046
122,WASH2P,-1.108140682076631
123,ABHD18,-1.1110262707681036
124,ZNF737,-1.1125805717719042
125,P3H3,-1.114668090019685
126,ISL2,-1.1149357317925164
127,ZNF771,-1.1201779512411232
128,WIPF2,-1.1209284535259298
129,ABCC10,-1.1250885468011147
130,FCSK,-1.1316166454722725
131,TMEM63B,-1.1361048540200271
132,AHNAK2,-1.1367958310192727
134,HERPUD2,-1.1498096393481738
135,LINC01355,-1.149895802092899
136,IGHMBP2,-1.1542431946303504
137,SHOX2,-1.159084488231553
138,RPL13P5,-1.160204606867223
139,CCDC174,-1.1659886997047895
140,TMEM79,-1.1704005599776521
141,SMC1B,-1.1764525416076543
142,DTX2,-1.177369837564589
143,ALDH1L2,-1.1777250042038478
144,LLGL2,-1.17940397819016
145,ENGASE,-1.1824056672111867
146,TMEM86B,-1.1829408793311227
147,CPEB1,-1.1849953661278496
148,ZNF75A,-1.1913888301925757
149,C1orf159,-1.1915120038081075
150,CFAP70,-1.1928360566797853
151,ENO3,-1.1949543961007612
152,WSB1,-1.1990405787330247
153,WDR31,-1.2020510462650191
154,CEP131,-1.2056122015612667
155,CCT6P3,-1.2120567471509993
156,GGA1,-1.2151801106466456
157,ZNF430,-1.2155941618228407
158,TRIM46,-1.2157922794351317
159,TMEM44,-1.2160175122834285
160,ZNF224,-1.2186273572343553
161,CLK2,-1.2243326112645403
162,ZRSR2,-1.2245429169317066
163,RNF213,-1.2296300063773578
164,ZNF37BP,-1.2308757763561025
165,ENDOG,-1.2336162379274105
166,ABCB8,-1.233728110791638
167,SMG1P6,-1.2395742919643706
168,HERC2P2,-1.242091612760328
169,FAM118A,-1.2434708722261856
170,GRIPAP1,-1.2460497306901435
171,DOK3,-1.2465774828836538
172,TEDC1,-1.251469005008197
173,ZNF738,-1.2533144772357492
174,ATXN2L,-1.2554265815990517
175,ZNF91,-1.2605536725474755
176,DHX37,-1.2608179256015413
177,MAPK8IP3,-1.262192890418011
178,KDM5A,-1.2647281293199357
179,IFFO1,-1.266080559761454
180,TRIM11,-1.2707119621369074
181,DLG4,-1.2723779347767223
182,ZBTB8A,-1.2727766763033983
183,STAG3,-1.273199114845915
184,VPS53,-1.2772764932640688
185,TEP1,-1.2779697959773983
186,DBT,-1.2787704330893566
187,ARHGEF19,-1.280404825901986
188,SOCS7,-1.281576234753699
189,UBE2Q2P1,-1.2820354356140145
190,ATP8B3,-1.283164191271683
191,USP32P1,-1.2854737631206794
192,NSUN5P2,-1.2924783263710673
193,PHF1,-1.2944063382564321
194,PDCD11,-1.2953604821949836
195,ZSCAN9,-1.2963729098308505
196,GBA2,-1.297706126851089
197,RBBP6,-1.3062785572680813
198,AACSP1,-1.3077280916036516
199,PA2G4P4,-1.3078842854438584
200,VILL,-1.3087608962430441
201,AHSA2P,-1.3100552284056146
202,MNT,-1.3118088183986503
203,RFNG,-1.312339955305301
204,NBR2,-1.3138104813471263
205,PHYKPL,-1.3138427806662558
206,INGX,-1.3209781024904128
207,ASPM,-1.3260803022135748
208,POMT2,-1.3293469810025225
209,VAMP1,-1.3335453209845014
210,DSTYK,-1.334168788075002
211,RPL13AP3,-1.3351831276309647
212,PCNT,-1.3393564613959277
213,ING5,-1.3396305580515766
214,PRPF40B,-1.3412464450024446
215,CHP1P2,-1.345549485855005
216,MIGA2,-1.3477741980471531
217,STK11IP,-1.3485504316910828
218,SLC2A11,-1.3494421213011798
219,TNRC6C,-1.3510894114338035
220,CCDC14,-1.3521030160424425
221,ZNF3,-1.363440425390753
222,SLC38A10,-1.3645167976015897
223,ZNF33B,-1.3657189069263123
224,PROCA1,-1.3694734238821318
225,GTPBP2,-1.370614965283972
226,ARHGAP11B,-1.3719690452102653
227,CENPF,-1.3756705927426032
228,DGAT1,-1.3793933284994406
229,CFLAR,-1.3800883357264002
230,NDOR1,-1.3832806022244961
231,ULBP1,-1.3843354590277754
232,TCF20,-1.384416273739532
233,PRRC2C,-1.3844177651497505
234,ANKRD20A9P,-1.385222978041988
235,ZNF818P,-1.3886574238970764
236,HES7,-1.3931948209263962
237,AKT1S1,-1.395204861677246
238,CPT1B,-1.3952838066608595
239,ADARB1,-1.3990688983067046
240,ANKRD36C,-1.4067059456877729
241,UBN1,-1.408878089094263
242,WASH3P,-1.411572446248313
243,PSMA3-AS1,-1.4166798436348944
244,D2HGDH,-1.418196419829967
245,TTC14,-1.4216931346106616
246,ADM5,-1.4224755825455124
247,ANKRD26,-1.4249466885907507
248,SEPSECS-AS1,-1.4254150947129396
249,MDN1,-1.429527781305805
250,DANT2,-1.435080735209044
251,LDLR,-1.4374582829596558
252,FBXL20,-1.4403359573393266
253,HERC2P7,-1.4459644788000448
254,NMT2,-1.446305155830732
255,C1RL-AS1,-1.4493860589550998
256,FTH1P3,-1.4495927622800824
257,CCDC17,-1.4496646603338532
258,PPIEL,-1.4498020285032942
259,PSRC1,-1.4508487715380216
260,SPEN,-1.4511208988913962
261,TSPYL2,-1.4539842786506587
262,CCDC191,-1.4540220870854947
263,YJEFN3,-1.4581312721204789
264,ZNF346,-1.4584607971286898
265,MKRN9P,-1.4592719850067641
266,HSD3B7,-1.4594316219489463
267,PSMD6-AS2,-1.4594625368629428
268,OSER1-DT,-1.4597757453708045
269,TMC6,-1.461743527398655
270,PHKG2,-1.465993887382251
271,AGRN,-1.4660025135853767
272,HMG20B,-1.4704078764555708
273,ZNF426,-1.4769864539163642
274,AP1G2,-1.478680764816619
275,MAN2C1,-1.4823214229198438
276,GOLGA6L9,-1.4826158090144543
277,NLRP1,-1.4838336840879287
278,ZNF605,-1.483855738413087
279,SRRM2,-1.4859003698286053
280,CELSR3,-1.4976295103636306
281,CAPN12,-1.498955277316024
282,RANGAP1,-1.5117859330176389
283,EPS8L2,-1.5132149813020204
284,RBM41,-1.517388185381642
285,YY2,-1.5198719533900347
286,LINC01311,-1.5200758360264122
287,PCSK4,-1.521612555897971
288,NEK8,-1.5229297568877214
289,NUP43,-1.5229768881472026
290,UPF3A,-1.5276110918735117
291,NEXN,-1.528775948609961
292,PLEKHN1,-1.5289018941768586
293,CBFA2T2,-1.5294724127344896
294,CEP152,-1.5306031484592435
295,RBM6,-1.534125975567805
296,FAR2P2,-1.5360405706575873
297,ZNF841,-1.5362232496178116
298,XYLT2,-1.5423502631479808
299,CSTF3-DT,-1.5463728707090838
300,MAPK11,-1.5495326680806276
301,FAM193A,-1.5499183330766206
302,LPIN3,-1.5506784112874696
303,GUSBP4,-1.55110342305106
304,GPC2,-1.553481568557526
305,SLC38A7,-1.5542604564909015
306,ZNF160,-1.5566618876759135
307,MIRLET7BHG,-1.558189262880001
308,NEURL4,-1.5615078280223214
309,TNRC6A,-1.5697319638653422
310,KMT2B,-1.572585627301451
311,ADGRL1-AS1,-1.5731235998454598
312,GON4L,-1.575439056117069
313,FHAD1,-1.5772803183794748
314,TERT,-1.5801643606186822
315,IFNE,-1.583090763095236
316,CHD7,-1.5905306763905211
317,FAM133CP,-1.5970827736495747
318,GGT7,-1.6014280376488055
319,DDX11,-1.6053951617443731
320,ING4,-1.608045660439441
321,RHPN1,-1.6153921641900344
322,TRMT1,-1.6161587230280856
323,INPP5E,-1.62008784285656
324,ASIC3,-1.6207806410073893
325,STK11,-1.623474340307034
326,RINL,-1.6243427484525113
327,STAT2,-1.627013520366203
328,USP42,-1.6339110829551615
329,RAD9A,-1.6376678478697306
330,GOLGA2,-1.6386862120837409
331,ZNF773,-1.6416178697957977
332,PRR14L,-1.645547908011327
333,SLC16A1-AS1,-1.652758169305032
334,ZNF182,-1.6529671041616256
335,RPS6KA5,-1.6532102165421976
336,NBPF9,-1.6576807903084705
337,SNHG4,-1.6589686333573228
338,C8orf44,-1.660397387474256
339,TROAP,-1.6605938684070138
340,MFSD10,-1.6665072331224953
341,CCDC73,-1.6751505956172261
342,ARID4A,-1.6783652623734884
343,HTATSF1P2,-1.6793655784741321
344,CEBPZOS,-1.6798540881783082
345,FHIP2B,-1.6808991740070922
346,SLC7A5P2,-1.6833603343292078
347,ZNF137P,-1.684128296713186
348,CHMP3,-1.6925266206517602
349,GTSE1,-1.700264260851292
350,TAF1C,-1.7024079194531834
351,SNORA10,-1.7045088347193862
352,KCNAB3,-1.7075290191942716
353,TRMT61A,-1.7087409923773051
354,LRRC24,-1.7115474679577445
355,PHACTR4,-1.7118563513143152
356,QPCTL,-1.719465116490054
357,BRD4,-1.7230383371855889
358,KCNA6,-1.726178198435546
359,DDX6,-1.727023911506801
360,ZNF713,-1.730870845652301
361,SNHG27,-1.732672387044395
362,TMEM259,-1.73658189599691
363,CCNL2,-1.7389614091195915
364,RTEL1,-1.740993399814372
365,SLC6A9,-1.7455179723041752
366,UPK3BL1,-1.7455798827793139
367,GAGE10,-1.747153380311378
368,EIF3J-DT,-1.752635757252285
369,ATF6B,-1.7542194965334612
370,GUSBP11,-1.7556944408745996
371,ANKS3,-1.7580803635491087
372,ATF4,-1.7605366452377083
373,HDAC10,-1.7605661827187316
374,SETD5,-1.7608542124291964
375,ELMO3,-1.7617709327764934
376,TOP2A,-1.762038598781662
377,SPIRE2,-1.7630333030882526
378,BSDC1,-1.7634581676943732
379,STK36,-1.7694229373887307
380,NPIPB4,-1.773239571451637
381,ZNF594,-1.7824342478388449
382,ZNF44,-1.7845030664404293
383,IQGAP3,-1.7862890870810892
384,UBE2G2,-1.7891898913637765
385,FERMT3,-1.791983963591477
386,ACADVL,-1.79810586766804
387,PROSER3,-1.8121045318471856
388,TRIM38,-1.8121481588055082
389,IRGQ,-1.814070110931294
390,ANKRD18B,-1.8153843404480035
391,ISOC2,-1.8155067355473264
392,CFAP57,-1.8189615545865643
393,ARID3A,-1.8203722095636268
394,MAFG,-1.832096970065171
395,NBPF11,-1.833979904396419
396,SGSM2,-1.8403048729472429
397,ATF7IP,-1.8425384861410834
398,QRICH2,-1.8501281511035284
399,B3GNTL1,-1.8512129937291228
400,AGO4,-1.8556921710809937
401,RSF1,-1.8575776852512669
402,TCOF1,-1.8602032057986153
403,CCDC18-AS1,-1.8608355705703852
404,ATM,-1.8659924149610692
405,TSC1,-1.871125535801199
406,SRGAP2B,-1.8736358803569788
407,HSP90AB4P,-1.8759155046188514
408,TAF3,-1.881731783161837
409,ZC3H13,-1.8854973286812033
410,RFX1,-1.8949737592529174
411,LINC01949,-1.9015233229380852
412,NFATC4,-1.9043861860112672
413,LZTR1,-1.9080958704043633
414,PGM5P2,-1.9089105162829882
415,PI4KAP2,-1.9091446415118152
416,CEP164,-1.9105789731720133
417,FAR2P1,-1.9150008999631443
418,PKD1P1,-1.9153362607063713
419,PIGT,-1.9162393479313589
420,L3MBTL1,-1.9167358400602585
421,NISCH,-1.918776626421288
422,FAM193B,-1.9202871842571196
423,CARS1,-1.920905063625859
424,ANKRD36B,-1.9219592718221576
425,GPATCH4,-1.9284608903520937
426,ANKRD52,-1.9303179471905356
427,SLC7A11,-1.9351732129257668
428,SFI1,-1.9352033695970532
429,IRF9,-1.9438594310980066
430,MLXIP,-1.9497471076993906
431,HEATR6-DT,-1.956646226056602
432,ATRX,-1.9617904740063152
433,CCDC34,-1.9648200774662006
435,MLXIPL,-1.974203167872424
436,COL27A1,-1.9774519343664754
437,DYNC2I1,-1.981124206813008
438,GHRLOS,-1.9869887060835587
439,MIIP,-1.9893722623942762
440,UBN2,-1.9937337029646622
441,DDX51,-2.0048468037109424
442,CARD9,-2.012259538016544
443,SUN2,-2.020259189009305
444,CDK5RAP3,-2.0241500972746613
445,MAVS,-2.0276044473497814
446,ESF1,-2.0322491168344072
447,NEMF,-2.040393884230261
448,NSMF,-2.0413443183402626
449,KIAA2026,-2.044457431034026
450,GALNT6,-2.0579243966855
451,USP36,-2.0581781274206974
452,PCF11-AS1,-2.0746461743972016
453,RRN3P3,-2.0790019130023336
454,CCDC144BP,-2.087276321247323
455,METTL2B,-2.0884520982075867
456,ARHGAP4,-2.0920781735185168
457,NSUN5P1,-2.0928400073556013
458,SGTA,-2.0933523898218445
460,ANKZF1,-2.095952796130879
461,DOC2A,-2.0963656196114466
462,NFATC2IP,-2.101688302983228
463,MZF1,-2.10810013034451
464,ZNF431,-2.1106846942294792
465,MYADM,-2.1131848162676534
466,THAP3,-2.118571238332964
467,P3H1,-2.1384033996980674
468,GOLPH3L,-2.143597952917328
469,CIT,-2.1442755511017193
470,HELZ2,-2.1497724631962294
471,FOXRED2,-2.162241109949613
472,DNAJC2,-2.1649691307958623
473,ZEB1,-2.175902019827913
474,SZT2,-2.182274885320142
475,HP1BP3,-2.1845526220574394
476,KPNA6,-2.1848411043166336
477,SLC26A10P,-2.1895583373273886
478,FKBP11,-2.1943798092990487
479,XIAP,-2.1955085551944546
480,LINC01176,-2.1960535703375097
481,NBPF10,-2.197518501439637
482,SRRM1,-2.1985013324307574
483,JRK,-2.204149362966088
484,GPATCH2L,-2.2058901925331593
485,CHD6,-2.2125511062510252
486,LRRIQ1,-2.213096945284199
487,FBXL18,-2.22102708678317
488,DGKQ,-2.2306962798250494
489,WDR62,-2.2429837257191645
490,ZFP82,-2.2522589526017516
491,TTF1,-2.252351959720584
492,SLC25A25-AS1,-2.252897288939091
493,MYLK2,-2.2550245575782855
494,SPINK5,-2.258848620480274
495,CSAD,-2.2594878391586475
496,DGCR8,-2.2669602918728042
497,STC2,-2.2674548275752135
498,CCNF,-2.271298665967161
499,WDR90,-2.2780558593719684
500,STARD9,-2.2804134059495067
501,ZNF767P,-2.2825369427139024
502,MYH3,-2.28650767400691
503,TRIM65,-2.288305356005523
504,APOLD1,-2.2917561514735647
505,SNHG7,-2.295761892363704
506,KMT2A,-2.2985479571673886
507,PIEZO1,-2.301669721933946
508,ZNF692,-2.307919235635192
509,ARHGAP33,-2.313994144298443
510,MIB2,-2.3174466525848665
511,LINC02864,-2.3348856512501968
512,KRI1,-2.3362694592844124
513,CLASRP,-2.338068024875
514,SPPL2B,-2.347278576856792
515,SREK1,-2.3567355180823513
516,PCED1A,-2.3586594548533757
517,PLAC8L1,-2.3598415730073423
518,CLDN15,-2.3731683626623954
519,DLGAP1-AS2,-2.3933973985955848
520,GOLGA2P5,-2.3942630763926784
521,CWF19L2,-2.394392222937185
522,CYP4F35P,-2.4158027003185545
523,NSRP1,-2.4161421997346237
524,GNB3,-2.417154485690917
525,ARID4B,-2.4250569456158284
526,PRRT2,-2.4292557438159674
527,WDR6,-2.4333355142017896
528,PRPF4B,-2.438379675756862
529,ZNF292,-2.440790264623968
530,IBA57,-2.4426340771604145
531,SNHG25,-2.443294878408918
532,HOXB6,-2.444380611637968
533,SMG1P7,-2.4462226606757307
534,TSC2,-2.4479766035686583
535,TRPV1,-2.4502200451595897
536,SRRT,-2.452382301798875
537,ODAD1,-2.4568965416058215
538,LTB4R,-2.470483224663006
539,ZSCAN16-AS1,-2.473915879551942
540,BMS1P1,-2.487311675191573
541,AGER,-2.488372004680356
542,GOLGA2P7,-2.498249243394697
543,FDPSP2,-2.5272092749932815
544,ZNF721,-2.5340308201548662
545,BOD1L1,-2.5344779421292287
546,KIF27,-2.536181163353603
547,ZNF714,-2.5362102996179727
548,SPACA6,-2.545631133149038
549,SMARCA4,-2.5551999097147755
550,WASHC1,-2.567204361820896
551,KCTD7,-2.5687180704590573
552,MTG2,-2.5897461694149264
553,AFG3L1P,-2.6066418175981307
554,CAPN10-DT,-2.615170729008142
555,DDX55,-2.618695538196681
556,GUSBP3,-2.6218690915589855
557,CENPE,-2.6316744500558493
558,SRSF11,-2.647858025495634
559,LYRM7,-2.662794981751961
560,KDM4A-AS1,-2.675725436969998
561,ZNF69,-2.681068841071422
562,NICN1,-2.686635747209828
563,PMS2P5,-2.6949738349523122
564,CCDC66,-2.6967005785835996
565,PTPRCAP,-2.700244861923981
566,ZNF528-AS1,-2.7008630673323357
567,STAG3L1,-2.7092564456283514
568,CHRNA10,-2.712528402417418
569,PPIG,-2.7224942562992482
570,CCAR1,-2.729510885127884
571,CCDC18,-2.7428992767615847
572,ERICH1,-2.744270891861836
573,SLC7A5,-2.7529874136942536
574,KHDC4,-2.753227836360162
575,PGPEP1,-2.7588629753777045
576,TOP3B,-2.7619159279951306
577,GCNA,-2.7655777383177336
578,PNPLA3,-2.76898496961207
579,PIDD1,-2.769454641985793
580,TNRC6B,-2.780684618143676
581,DNAAF9,-2.7823434457173746
582,TUBGCP6,-2.792514933921578
583,BRD3,-2.7933935717704923
584,NBPF12,-2.7980868837040185
585,ZNF500,-2.8007553489789556
586,KCNMB3,-2.8042774755323627
587,CNTROB,-2.8060677567432477
588,SYCP2L,-2.8064268667163805
589,RETREG3,-2.8194042749659913
590,OPLAH,-2.8197667851570727
591,BRD9,-2.820878617031415
592,PAQR7,-2.840769486696335
593,TCAM1P,-2.84474459202494
594,ANKRD13D,-2.8516244670823077
595,TCF25,-2.855665843906393
596,ILF3-DT,-2.8749019377678464
597,SPG7,-2.886686987001443
598,FAM166A,-2.9000705410545256
599,RECQL4,-2.913350963472213
600,KLHDC8B,-2.9327127675204987
601,MDM4,-2.9388701908733275
602,ANKRD20A8P,-2.940607820034248
603,PNISR,-2.941076457894663
604,TRIM56,-2.946044925960422
605,ZNF587,-2.9470473433280837
606,RBM33,-2.9598172830215392
607,LARP7,-2.965417381164636
608,DCLRE1C,-2.9832963606137497
609,AGAP12P,-2.9845280666972496
610,ITFG2,-2.9862424285203963
611,LAT,-2.9877797438442273
612,NPHP3,-2.9890265496645076
613,DIP2A,-2.9916822115543926
614,CDAN1,-2.9923331497077426
615,MAPKBP1,-3.016387499854209
616,SOX12,-3.0200957748607244
617,JDP2,-3.0203202226103207
618,TPT1-AS1,-3.0288515251348995
619,TNPO3,-3.056543940128919
620,CCDC57,-3.0598835394031085
621,STK38,-3.059892023394997
622,DDIT3,-3.0816645038024415
623,PDE4C,-3.09795574806441
624,RPL32P3,-3.1069854860007053
625,SIRT7,-3.1123950530138385
626,HOXC9,-3.117640490143017
627,BMS1P2,-3.1177879107161908
628,CFAP53,-3.122376840130845
629,SNHG12,-3.133562178508727
630,CLCN7,-3.1540528939573944
631,NAPRT,-3.1790121014881034
632,MIDN,-3.1818364946627127
633,ZNF708,-3.1922946764132587
634,COX19,-3.223922287611714
635,C5orf63,-3.2375376451732727
636,GPR155,-3.2439076385539414
637,TNFRSF25,-3.2462550798029857
638,C3orf62,-3.255688449094214
639,UPF2,-3.270868144262158
640,AAK1,-3.272089157209522
641,THOC2,-3.278094170507676
642,EGR1,-3.2851137631386593
643,SLTM,-3.3006705334023088
644,ZNF791,-3.312654638843152
645,NBPF8,-3.3198795133722303
646,SMYD4,-3.3218097582886026
647,ZKSCAN1,-3.328156589470094
648,NOP56,-3.329005868128709
649,PIM2,-3.348602820842638
650,LAMC3,-3.3734220435079987
651,KCNQ1OT1,-3.381669870211579
652,XRCC2,-3.404939782122481
653,NAIP,-3.410030459942015
654,LAMB2,-3.429496211609714
655,ASMTL-AS1,-3.4633292883068973
656,LRCH4,-3.51070775498889
657,FAM133A,-3.515582407972772
658,GUCA1B,-3.5170583622458134
659,AGAP9,-3.530799404745454
660,GATAD1,-3.535775180869681
661,EMC3-AS1,-3.550703562863281
662,RSRP1,-3.578001328572451
663,LUC7L3,-3.5932357333802774
664,GNL3L,-3.5949261927528373
665,NEURL1B,-3.626132897375213
666,TONSL,-3.6358092674621982
667,NKTR,-3.657357880652974
668,RBM25,-3.6652815399128142
669,MICAL1,-3.6998425796553547
670,SLC4A8,-3.703253955382118
671,LINC01004,-3.711882354997686
672,CROCCP3,-3.7296967490700736
673,GABBR1,-3.731666660043125
674,SOGA1,-3.7378873873744975
675,RHOT2,-3.81545910037955
676,ARL17A,-3.843091754564818
677,IFT122,-3.8510127188340437
678,FAM227A,-3.860100810123081
679,DNASE1,-3.884456652174754
680,ANKRD19P,-3.8878027390476113
681,SPAG17,-3.9067955447113345
682,KCNK6,-3.9551694408080293
683,CHD2,-3.9650978886210466
684,C22orf46P,-3.991359199503324
685,RHBDD3,-4.01360007653528
686,GSDMB,-4.020928726945334
687,LAG3,-4.046636858785065
688,MRI1,-4.062527261395571
689,NINL,-4.064857846798306
690,LMBR1L,-4.081568975856374
691,CYP27C1,-4.112345469569727
692,TREX1,-4.123986918814646
693,RRP7BP,-4.131761936391565
694,LINC00342,-4.179446353777125
695,LINC01606,-4.19037126918039
696,FAM219B,-4.20389332791733
697,ZNF276,-4.209502659484684
698,PABPC1L,-4.251397422687309
699,DFFA,-4.2690684680980215
700,AP5Z1,-4.273656851926982
701,KAT6B,-4.275035913004697
702,ARFGAP1,-4.277734236645673
703,OGA,-4.291047964206168
704,CROCC,-4.291591611499742
705,PBX4,-4.300412230566886
706,EIF5B,-4.310731883399138
707,PRPF38B,-4.328665519538068
708,YPEL1,-4.428272771878346
709,TSTD3,-4.449907274409489
710,ADM2,-4.466502832831969
711,MAP2K7,-4.472204664499482
712,BRICD5,-4.493418262254406
713,HOXB5,-4.496682729355459
714,ZNF793,-4.516449189234317
715,STAG3L5P-PVRIG2P-PILRB,-4.592190687038783
716,BRD8,-4.641612578765973
717,HDAC6,-4.656785972287131
718,SNHG19,-4.7015961570536
719,AGAP5,-4.8092602569923955
720,KNOP1,-4.827238426562709
721,H1-10-AS1,-4.865057761461818
722,WASH8P,-4.918915475099205
723,KIF18B,-4.924455606031058
724,MPHOSPH8,-4.958500673385676
725,ASAP1-IT2,-5.120294301964661
726,PMS2P9,-5.166449077782535
727,PGGHG,-5.170968954873823
728,C21orf58,-5.331672819081767
729,POLR1G,-5.363370088236683
730,SESN2,-5.397683643062817
731,NBPF15,-5.5367318740790115
732,ZCWPW1,-5.543378896963657
733,LINC00685,-5.5464913250255075
734,ZNF785,-5.550288223659585
735,GABPB1-AS1,-5.574150336554643
736,HSF4,-5.622388723312219
737,TMEM240,-5.648046423882051
738,MIR23AHG,-5.723847544854746
739,PILRB,-5.733180431226745
740,CHTF18,-5.738897358854796
741,ZNF221,-5.758981473853411
742,ANKRD62,-5.818002611448469
743,LRRC37A4P,-5.8294032991560165
744,ANKRD18A,-5.859479596745529
745,ZBTB46-AS1,-5.939282329121309
746,CSPP1,-5.966327344632851
747,VHL,-5.968331514986794
748,TNPO2,-6.0072450754602675
749,ULK1,-6.094247633049907
750,REC8,-6.236459905011693
751,CACNA1A,-6.273802130872002
752,PKD1,-6.274058179249996
753,SUGP2,-6.354695868874021
754,MUC1,-6.422220957345675
755,ZNF208,-6.503837454038754
756,CDK10,-6.507344156093118
757,UPF3B,-6.520441483762965
758,TMEM91,-6.6499401850986475
759,NPFF,-6.67721812293341
760,RSKR,-6.736513755420459
762,SAP25,-6.817113658885829
763,GARIN1A,-6.942511402942167
764,ANKRD12,-6.977684642405495
765,CPNE7,-7.032469592124932
766,FCGBP,-7.033023921858577
767,FER1L4,-7.052051768102528
768,SLC26A6,-7.590278804629605
769,CCDC142,-7.640319176286649
770,MAMDC4,-7.734992433858691
771,GATD1,-7.750643869810816
772,GIGYF1,-7.753843672850262
773,KIFC2,-7.762903395445863
774,ASNS,-8.080148879778909
775,CEP295NL,-8.081263081215615
776,ZGLP1,-8.221626756687543
777,STAG3L3,-8.551218098676774
778,HSP90AA1,-9.247308508038266
779,ATP5MGL,-9.44545974384928
780,PRR11,-9.445960751880225
781,ANKRD20A5P,-9.478615997945369
782,CHAC1,-9.563297095806314
783,KNG1,-9.85651617843889
784,CACNG8,-9.954053509298879
785,KCNJ14,-10.382916229211398
786,TLCD2,-10.432336890630365
787,TNFAIP8L1,-10.464661372464953
788,DDIT4,-10.510410964569777
789,FBXL19-AS1,-10.525080102977647
790,RPS15AP10,-10.678760264117194
791,KLHL17,-11.067592556483193
792,IHO1,-11.300963799107535
793,CYP20A1,-11.436797382193161
794,POLH,-11.471174357334863
795,PIF1,-11.552643717186681
796,ANKRD11,-11.9227933640147
797,CDK11A,-11.939860739888301
798,GUSBP14,-13.287097888294946
799,STAG3L2,-14.255743966033346
800,MROH6,-14.58440188781738
801,SNORD42A,-19.684131644351933
